[{"model": "contenttypes.contenttype", "pk": 1, "fields": {"app_label": "admin", "model": "logentry"}}, {"model": "contenttypes.contenttype", "pk": 2, "fields": {"app_label": "auth", "model": "permission"}}, {"model": "contenttypes.contenttype", "pk": 3, "fields": {"app_label": "auth", "model": "group"}}, {"model": "contenttypes.contenttype", "pk": 4, "fields": {"app_label": "auth", "model": "user"}}, {"model": "contenttypes.contenttype", "pk": 5, "fields": {"app_label": "contenttypes", "model": "contenttype"}}, {"model": "contenttypes.contenttype", "pk": 6, "fields": {"app_label": "sessions", "model": "session"}}, {"model": "contenttypes.contenttype", "pk": 7, "fields": {"app_label": "sites", "model": "site"}}, {"model": "contenttypes.contenttype", "pk": 8, "fields": {"app_label": "flatpages", "model": "flatpage"}}, {"model": "contenttypes.contenttype", "pk": 9, "fields": {"app_label": "core", "model": "member"}}, {"model": "contenttypes.contenttype", "pk": 10, "fields": {"app_label": "core", "model": "post"}}, {"model": "contenttypes.contenttype", "pk": 11, "fields": {"app_label": "core", "model": "research"}}, {"model": "contenttypes.contenttype", "pk": 12, "fields": {"app_label": "core", "model": "committeemember"}}, {"model": "contenttypes.contenttype", "pk": 13, "fields": {"app_label": "core", "model": "image"}}, {"model": "contenttypes.contenttype", "pk": 14, "fields": {"app_label": "core", "model": "postimage"}}, {"model": "contenttypes.contenttype", "pk": 15, "fields": {"app_label": "core", "model": "document"}}, {"model": "contenttypes.contenttype", "pk": 16, "fields": {"app_label": "core", "model": "project"}}, {"model": "contenttypes.contenttype", "pk": 17, "fields": {"app_label": "core", "model": "medal"}}, {"model": "contenttypes.contenttype", "pk": 18, "fields": {"app_label": "core", "model": "speaker"}}, {"model": "contenttypes.contenttype", "pk": 19, "fields": {"app_label": "core", "model": "tour"}}, {"model": "sessions.session", "pk": "4z6dqv0a2rub4genhotk0mb5h24v8vqs", "fields": {"session_data": "YTQ2ZDdmNGY4MTI2MjRiZDAwNjA1YzEzNzU5ZmE1MWE3YWEyMDFjNzp7Il9hdXRoX3VzZXJfaWQiOiIxIiwiX2F1dGhfdXNlcl9iYWNrZW5kIjoiZGphbmdvLmNvbnRyaWIuYXV0aC5iYWNrZW5kcy5Nb2RlbEJhY2tlbmQiLCJfYXV0aF91c2VyX2hhc2giOiIzMzRiMTU1ZTNiMjI2NTJhZDE4YWUwMTYyNzBlNDc1YzdlNGNjNWFmIn0=", "expire_date": "2019-01-26T07:24:22.389Z"}}, {"model": "sessions.session", "pk": "6k9lx40mi63qicm6nl1bi8xrrh6ozsi3", "fields": {"session_data": "YTQ2ZDdmNGY4MTI2MjRiZDAwNjA1YzEzNzU5ZmE1MWE3YWEyMDFjNzp7Il9hdXRoX3VzZXJfaWQiOiIxIiwiX2F1dGhfdXNlcl9iYWNrZW5kIjoiZGphbmdvLmNvbnRyaWIuYXV0aC5iYWNrZW5kcy5Nb2RlbEJhY2tlbmQiLCJfYXV0aF91c2VyX2hhc2giOiIzMzRiMTU1ZTNiMjI2NTJhZDE4YWUwMTYyNzBlNDc1YzdlNGNjNWFmIn0=", "expire_date": "2019-03-24T12:30:50.599Z"}}, {"model": "sessions.session", "pk": "aru2dkyjcopf479fclzcna8r4j3pm8cs", "fields": {"session_data": "YTQ2ZDdmNGY4MTI2MjRiZDAwNjA1YzEzNzU5ZmE1MWE3YWEyMDFjNzp7Il9hdXRoX3VzZXJfaWQiOiIxIiwiX2F1dGhfdXNlcl9iYWNrZW5kIjoiZGphbmdvLmNvbnRyaWIuYXV0aC5iYWNrZW5kcy5Nb2RlbEJhY2tlbmQiLCJfYXV0aF91c2VyX2hhc2giOiIzMzRiMTU1ZTNiMjI2NTJhZDE4YWUwMTYyNzBlNDc1YzdlNGNjNWFmIn0=", "expire_date": "2019-02-09T20:26:02.582Z"}}, {"model": "sessions.session", "pk": "elj71dzgiiwqpjnn0fmpkp2xg2dalx7b", "fields": {"session_data": "YTQ2ZDdmNGY4MTI2MjRiZDAwNjA1YzEzNzU5ZmE1MWE3YWEyMDFjNzp7Il9hdXRoX3VzZXJfaWQiOiIxIiwiX2F1dGhfdXNlcl9iYWNrZW5kIjoiZGphbmdvLmNvbnRyaWIuYXV0aC5iYWNrZW5kcy5Nb2RlbEJhY2tlbmQiLCJfYXV0aF91c2VyX2hhc2giOiIzMzRiMTU1ZTNiMjI2NTJhZDE4YWUwMTYyNzBlNDc1YzdlNGNjNWFmIn0=", "expire_date": "2019-01-30T06:45:26.318Z"}}, {"model": "sessions.session", "pk": "iyu5vv3wqj4nhlrlzd3l3tr6ca3ebl4l", "fields": {"session_data": "YTQ2ZDdmNGY4MTI2MjRiZDAwNjA1YzEzNzU5ZmE1MWE3YWEyMDFjNzp7Il9hdXRoX3VzZXJfaWQiOiIxIiwiX2F1dGhfdXNlcl9iYWNrZW5kIjoiZGphbmdvLmNvbnRyaWIuYXV0aC5iYWNrZW5kcy5Nb2RlbEJhY2tlbmQiLCJfYXV0aF91c2VyX2hhc2giOiIzMzRiMTU1ZTNiMjI2NTJhZDE4YWUwMTYyNzBlNDc1YzdlNGNjNWFmIn0=", "expire_date": "2019-01-14T13:57:14.757Z"}}, {"model": "sites.site", "pk": 1, "fields": {"domain": "www.voc-kaap.org", "name": "Stigting VOC"}}, {"model": "flatpages.flatpage", "pk": 1, "fields": {"url": "/events_2019/", "title": "Verrigtinge | Events 2019", "content": "We have some amazing events coming up.\r\n\r\n- Event One\r\n- Event Two", "enable_comments": false, "template_name": "", "registration_required": false, "sites": [1]}}, {"model": "core.document", "pk": 1, "fields": {"time_created": "2019-01-02T08:28:35.231Z", "time_modified": "2019-01-02T08:33:01.606Z", "title": "VOC Foundation Constituion", "author": "Stigting VOC", "date_published": null, "file": "documents/constitution.pdf", "link": "", "description": "", "notes": ""}}, {"model": "core.document", "pk": 2, "fields": {"time_created": "2019-01-02T08:29:17.807Z", "time_modified": "2019-01-02T08:33:01.593Z", "title": "Short History of Muratie", "author": "Scheffler H", "date_published": null, "file": "documents/helena_scheffler_muratie.pdf", "link": "", "description": "", "notes": ""}}, {"model": "core.document", "pk": 3, "fields": {"time_created": "2019-01-02T08:29:37.704Z", "time_modified": "2019-01-02T08:33:01.582Z", "title": "My visie vir kultuurbewaring in die Wes-Kaap", "author": "Meyer I", "date_published": null, "file": "documents/ivan_meyer_toespraak.pdf", "link": "", "description": "", "notes": ""}}, {"model": "core.document", "pk": 4, "fields": {"time_created": "2019-01-02T08:29:52.292Z", "time_modified": "2019-01-02T08:33:01.557Z", "title": "Vrede \u2013 6 April 1660  Die Eerste VOC-Koina-oorlog", "author": "Hattingh L", "date_published": null, "file": "documents/leon_hattingh_koina_oorlog.pdf", "link": "", "description": "", "notes": ""}}, {"model": "core.document", "pk": 5, "fields": {"time_created": "2019-01-02T08:30:17.653Z", "time_modified": "2019-01-02T08:31:40.575Z", "title": "Erfenisdag is nie braaidag", "author": "Westra P", "date_published": null, "file": "documents/erfenisbrief_piet_westra.pdf", "link": "", "description": "", "notes": ""}}, {"model": "core.document", "pk": 6, "fields": {"time_created": "2019-01-02T08:33:51.690Z", "time_modified": "2019-01-02T08:34:07.462Z", "title": "Projekte van die Stigting", "author": "Stigting VOC", "date_published": null, "file": "documents/voc_impak.pdf", "link": "", "description": "", "notes": ""}}, {"model": "core.document", "pk": 7, "fields": {"time_created": "2019-01-02T08:35:24.207Z", "time_modified": "2019-01-02T08:35:24.207Z", "title": "Generale Missive 2018 1", "author": "Sleigh D", "date_published": null, "file": "documents/generale_missive_2018_01.pdf", "link": "", "description": "", "notes": ""}}, {"model": "core.document", "pk": 8, "fields": {"time_created": "2019-01-02T08:37:12.098Z", "time_modified": "2019-01-02T08:37:12.098Z", "title": "Generale Missive 1998-2011", "author": "", "date_published": null, "file": "documents/generale_missive_1998_2011.pdf", "link": "", "description": "", "notes": ""}}, {"model": "core.document", "pk": 9, "fields": {"time_created": "2019-01-02T08:40:26.156Z", "time_modified": "2019-01-02T08:40:42.131Z", "title": "Lidmaatskap Aansoekvorm", "author": "Stigting VOC", "date_published": null, "file": "documents/Aansoek.pdf", "link": "", "description": "", "notes": ""}}, {"model": "core.member", "pk": 1, "fields": {"time_created": "2018-12-31T14:11:18.281Z", "time_modified": "2018-12-31T14:11:18.281Z", "title": "test", "name": "test", "country": "", "contact_number": "test", "email_address": "test@example.com", "notes": "", "date_joined": null, "state": "PENDING"}}, {"model": "core.member", "pk": 2, "fields": {"time_created": "2018-12-31T14:18:14.861Z", "time_modified": "2019-01-02T08:23:43.055Z", "title": "test", "name": "test", "country": "ZA", "contact_number": "test", "email_address": "test@example.com", "notes": "", "date_joined": null, "state": "PENDING"}}, {"model": "core.member", "pk": 3, "fields": {"time_created": "2019-01-12T20:12:58.942Z", "time_modified": "2019-01-12T20:12:58.942Z", "title": "Toets", "name": "Een", "country": "", "contact_number": "Twee", "email_address": "drie@example.com", "notes": "", "date_joined": null, "state": "PENDING"}}, {"model": "core.member", "pk": 4, "fields": {"time_created": "2019-01-21T22:48:33.552Z", "time_modified": "2019-01-21T22:48:33.552Z", "title": "Mnr", "name": "Test", "country": "AU", "contact_number": "0992299292929", "email_address": "test@example.com", "notes": "Test note", "date_joined": null, "state": "PENDING"}}, {"model": "core.member", "pk": 5, "fields": {"time_created": "2019-01-21T23:02:09.428Z", "time_modified": "2019-01-21T23:02:09.428Z", "title": "Mnr", "name": "Jaco du Plessis", "country": "AU", "contact_number": "020202020202", "email_address": "test@example.com", "notes": "TESTING", "date_joined": null, "state": "PENDING"}}, {"model": "core.post", "pk": 1, "fields": {"time_created": "2018-12-31T13:58:01.508Z", "time_modified": "2019-01-01T15:22:46.771Z", "title": "Algemene Jaarvergadering, 1 Maart 2016", "slug": "jaarvergadering-2016", "author": "", "date_published": "2016-03-01", "extract": "", "content": "<p style=\"margin-left:0in\"><strong>Kennisgewing van Algemene Jaarvergadering, 2016</strong></p>\r\n\r\n<p style=\"margin-left:0in\"><span style=\"color:black\">Die 21ste Algemene Jaarvergadering van die Stigting VOC vind om 16:00 op Dinsdag, 1 Maart 2016 in die Van der Stel-kamer in Kasteel de Goede Hoop plaas. (Parkering: Tussen bastionne Leerdam en Oranje, uit Darlingstraat.)</span></p>\r\n\r\n<p style=\"margin-left:0in\"><span style=\"color:black\">Agenda vir Algemene Jaarvergadering, 2016.</span></p>\r\n\r\n<p style=\"margin-left:0in\"><span style=\"color:black\">1. Verwelkoming en Aankondigings.</span></p>\r\n\r\n<p style=\"margin-left:0in\"><span style=\"color:black\">2. Kennisgewing van Bykomende Sake</span></p>\r\n\r\n<p style=\"margin-left:0in\"><span style=\"color:black\">3. Kennisgewing van afwesigheid.</span></p>\r\n\r\n<p style=\"margin-left:0in\"><span style=\"color:black\">4. Notule van AJV, 2015. (Sien Bylae A.)</span></p>\r\n\r\n<p style=\"margin-left:0in\"><span style=\"color:black\">5. Voorsitter se Jaarverslag, 2015.</span></p>\r\n\r\n<p style=\"margin-left:0in\"><span style=\"color:black\">6. Finansi&euml;le Jaarverslag, 2015. (Sien Bylae B.)</span></p>\r\n\r\n<p style=\"margin-left:0in\"><span style=\"color:black\">7. Nuwe Grondwet.</span></p>\r\n\r\n<p style=\"margin-left:0in\"><span style=\"color:black\">8. Verkiesing van uitvoerende komitee.</span></p>\r\n\r\n<p style=\"margin-left:0in\"><span style=\"color:black\">9. Projekte vir 2016.</span></p>\r\n\r\n<p style=\"margin-left:0in\"><span style=\"color:black\">10. Bykomende sake.</span></p>\r\n\r\n<p style=\"margin-left:0in\"><span style=\"color:black\">11. Gasspreker: Me. A. Marais, Wes-Kaapse Minister van Kultuursake en Sport. &lsquo;Samewerking tussen die Ministerie van Kultuursake en vrywillige bewaringsgroepe.&rsquo;</span></p>\r\n\r\n<p style=\"margin-left:0in\"><span style=\"color:black\">12. Afsluiting.</span></p>\r\n\r\n<p style=\"margin-left:0in\"><span style=\"color:black\">13. Heildronk en Sosiaal.</span></p>", "documents": []}}, {"model": "core.post", "pk": 2, "fields": {"time_created": "2019-01-01T05:33:29.432Z", "time_modified": "2019-01-01T14:15:44.470Z", "title": "2016 Medaljetoekenning", "slug": "medaljetoekenning-2016", "author": "", "date_published": "2016-08-01", "extract": "Vanjaar is die Silwer Medalje toegeken aan me. Marie-Louise Roux, die kampvegter vir kultuur- en natuurbewaring, en dr Hans Fransen, skrywer van verskeie boeke oor aspekte van ou-Kaapse argitektuur.", "content": "<p>Vierjaarliks ken Stigting VOC ons Silwer Medalje toe aan &rsquo;n persoon wat &rsquo;n buitengewone bydrae gelewer het tot die kennis en/of bewaring van VOC-erfenis aan die Kaap. Vanjaar ken ons dit toe aan twee merkwaardige persone, toevallig albei lede van ons Stigting, naamlik me. Marie-Louise Roux, die kampvegter vir kultuur- en natuurbewaring, en dr Hans Fransen, skrywer van verskeie boeke oor aspekte van ou-Kaapse argitektuur.</p>", "documents": []}}, {"model": "core.post", "pk": 3, "fields": {"time_created": "2019-01-01T05:38:26.483Z", "time_modified": "2019-01-01T14:01:57.194Z", "title": "Besoek aan die Suidkaapse-buiteposte", "slug": "suidkaap-buiteposte", "author": "", "date_published": "2015-11-01", "extract": "", "content": "", "documents": []}}, {"model": "core.post", "pk": 4, "fields": {"time_created": "2019-01-01T05:43:46.736Z", "time_modified": "2019-01-01T14:49:02.287Z", "title": "VOC lesing deur Tobie Openshaw and Francois Van Zyl oor die slotte van die kasteel en ander ou geboue", "slug": "slotte", "author": "", "date_published": "2015-08-01", "extract": "\"Dit was waarskynlik een van die beste lesings nog aangebied deur die stigting.\"", "content": "<p><strong>Leon Hattingh</strong>: &quot;Dit was waarskynlik een van die beste lesings nog aangebied deur die stigting.&quot;</p>\r\n\r\n<p>Vir meer inligting oor slotte: <a href=\"http://www.vintagemetals.co.za/\">http://www.vintagemetals.co.za/</a></p>", "documents": []}}, {"model": "core.post", "pk": 5, "fields": {"time_created": "2019-01-01T05:46:22.510Z", "time_modified": "2019-01-01T14:12:24.325Z", "title": "Stigtingsdag / Founding Day 2 April 2011", "slug": "stigtingsdag-2011", "author": "", "date_published": "2011-04-02", "extract": "", "content": "<p><strong>Program/Programme</strong></p>\r\n\r\n<p><strong><span style=\"color:#222222\">08:30&nbsp; Kasteelpoort oop vir publiek<br />\r\n&nbsp;&nbsp;&nbsp;&nbsp;&nbsp;&nbsp;&nbsp;&nbsp;&nbsp;&nbsp;&nbsp; Castle entrance opens</span></strong></p>\r\n\r\n<p><strong><span style=\"color:#222222\">09:00&nbsp; Burgemeester arriveer met koets tot in die binnehof</span></strong></p>\r\n\r\n<p><strong>&nbsp;&nbsp;&nbsp;&nbsp;&nbsp;&nbsp;&nbsp;&nbsp;&nbsp;&nbsp; <span style=\"color:#222222\">Mayor arrives. Enters by coach</span></strong></p>\r\n\r\n<p><strong>&nbsp;</strong><strong><span style=\"color:#222222\">09:15&nbsp; Voorsitter: Verwelkoming</span></strong></p>\r\n\r\n<p><strong><span style=\"color:#222222\">&nbsp;&nbsp;&nbsp;&nbsp;&nbsp;&nbsp;&nbsp;&nbsp;&nbsp;&nbsp;&nbsp;&nbsp; Chairman: Welcome </span></strong></p>\r\n\r\n<p><strong>&nbsp;</strong><strong><span style=\"color:#222222\">09:30&nbsp; Vlaghysingsparade, Regiment W.P</span></strong></p>\r\n\r\n<p><strong><span style=\"color:#222222\">&nbsp;&nbsp;&nbsp;&nbsp;&nbsp;&nbsp;&nbsp;&nbsp;&nbsp;&nbsp;&nbsp; Flag-raising ceremony, Regiment W.P</span></strong></p>\r\n\r\n<p><strong>&nbsp;</strong><strong><span style=\"color:#222222\">10:15&nbsp; Burgemeester se toespraak</span></strong></p>\r\n\r\n<p><strong><span style=\"color:#222222\">&nbsp;&nbsp;&nbsp;&nbsp;&nbsp;&nbsp;&nbsp;&nbsp;&nbsp;&nbsp;&nbsp; Mayoral address</span></strong></p>\r\n\r\n<p><strong>&nbsp;</strong><strong><span style=\"color:#222222\">10:30&nbsp; Maleier-Koor</span></strong></p>\r\n\r\n<p><strong>&nbsp;&nbsp;&nbsp;&nbsp;&nbsp;&nbsp;&nbsp;&nbsp;&nbsp;&nbsp;&nbsp; <span style=\"color:#222222\">Malay Choir</span></strong></p>\r\n\r\n<p><strong>&nbsp;</strong><strong><span style=\"color:#222222\">10:50&nbsp; <em> Wilhelmus </em>(trompetsolo met sang)</span></strong></p>\r\n\r\n<p><strong><span style=\"color:#222222\">&nbsp; &nbsp;&nbsp;&nbsp;&nbsp;&nbsp;&nbsp;&nbsp;&nbsp;&nbsp;&nbsp;<em>Wilhelmus </em>(trumpetsolo and singing)</span></strong></p>\r\n\r\n<p><strong>&nbsp;</strong><strong><span style=\"color:#222222\">10:55&nbsp; Voorlaaier-geweersalvo&rsquo;s gevolg met Kanonsalvo</span></strong></p>\r\n\r\n<p><strong><span style=\"color:#222222\">&nbsp;&nbsp;&nbsp;&nbsp;&nbsp;&nbsp;&nbsp;&nbsp;&nbsp;&nbsp;&nbsp; Musket salvo followed by Cannon salvo</span></strong></p>\r\n\r\n<p><strong><span style=\"color:#222222\">11:00&nbsp; Medaljeparade, Regiment W.P</span></strong></p>\r\n\r\n<p><strong><span style=\"color:#222222\">&nbsp;&nbsp;&nbsp;&nbsp;&nbsp;&nbsp;&nbsp;&nbsp;&nbsp;&nbsp; Medal parade, Regiment W.P&nbsp;</span></strong></p>\r\n\r\n<p><strong><span style=\"color:#222222\">11:55&nbsp; Voorsitter: Afsluiting</span></strong></p>\r\n\r\n<p><strong><span style=\"color:#222222\">&nbsp;&nbsp;&nbsp;&nbsp;&nbsp;&nbsp;&nbsp;&nbsp;&nbsp;&nbsp;&nbsp; Chairman: Conclusion</span></strong></p>\r\n\r\n<p>&nbsp;</p>\r\n\r\n<p><strong>Wilhelmus</strong></p>\r\n\r\n<pre style=\"margin-left:14.2pt; margin-right:0cm\">\r\n<span style=\"color:#cc3300\"><strong>Wilhelmus van Nassouwe\r\nben ik, van Duitsen bloed,\r\nden Vaderland getrouwe\r\nblijf ik tot in den dood.\r\nEen prinse van Oranje\r\nben ik, vrij onverveerd,\r\nden Koning van Hispanje\r\nheb ik altijd ge&euml;erd.</strong></span></pre>\r\n\r\n<pre style=\"margin-left:14.2pt; margin-right:0cm\">\r\n<span style=\"color:#cc3300\"><strong>Mijn schild ende betrouwen\r\nzijt Gij, o God mijn Heer,\r\nop U zo wil ik bouwen,\r\nVerlaat mij nimmermeer.\r\nDat ik doch vroom mag blijven,\r\nUw dienaar t&#39;aller stond,\r\nde tirannie verdrijvendie mij mijn hart doorwondt.</strong></span></pre>", "documents": []}}, {"model": "core.post", "pk": 6, "fields": {"time_created": "2019-01-01T05:50:06.000Z", "time_modified": "2019-01-01T13:52:59.452Z", "title": "Besoek aan die Tygerbergse VOC-Plase", "slug": "tygerberg-plase", "author": "", "date_published": "2010-01-01", "extract": "Nico Walters het vir ons \u2019n buitengewone uitstappie gere\u00ebl na historiese plase in die Tygerberg.", "content": "<p>Nico Walters het vir ons &rsquo;n buitengewone uitstappie gere&euml;l na historiese plase in die Tygerberg, waar die eerste groot vryburger-uitbreiding n&aacute; die Liesbeeck Vallei was. Dit is &rsquo;n saak van besondere historiese betekenis vir die skeepsverversing ten opsigte van graan, vleis en wyn, maar ook vir die bevolking van die platteland, die besetting van grond en die verspreiding van die Kaapse Koina. Daar is veel om te sien, te bespreek en te geniet .<em> </em></p>\r\n\r\n<p>Ons besoek eerste die VOC se moederpos<em> Elsjes Corael, </em>daarna <em> Altydgedacht</em>&nbsp; (<em>De Tygerbergen </em>van Elsje van Surwaerden), daarna <em>Onrust</em> van die berugte landdros Starrenburg, en <em>Pampoenkraal</em>, die uitspanning waarop Durbanville ontwikkel het met die eerste gronduitgif (dorpserf) aan Josephus Jones (spreek dit Jonies uit; sy pa se van&nbsp; was Joni), die jonge Josephus was een van die Kompanjie se beste kartograwe.) Daarna middagete om ongeveer 13:30 op <em>Diemersdal </em>met sy fantastiese ou werf. Dan <em>Hooggelegen</em> waar een van die Tygerberg se seinkanonne staan en kanonnier Gerry de Vries u sal laat hoor, ruik en voel hoe &rsquo;n skoot loskruit deur die seinman ervaar is.</p>", "documents": []}}, {"model": "core.postimage", "pk": 1, "fields": {"post": 6, "image": "images/Dan_se_kanonne.2_WqBUId3.jpg", "caption": "Dan gesels oor kannone op Hooggelegen.", "height": 480, "width": 640}}, {"model": "core.postimage", "pk": 2, "fields": {"post": 6, "image": "images/039.jpg", "caption": "Oliver Parker, eienaar van Altydgedacht.", "height": 683, "width": 1024}}, {"model": "core.postimage", "pk": 3, "fields": {"post": 6, "image": "images/voc_groep.jpg", "caption": "Kelkie op die Huis van Oranje op Diemersdal.", "height": 438, "width": 680}}, {"model": "core.postimage", "pk": 4, "fields": {"post": 3, "image": "images/DSC03277.JPG", "caption": "", "height": 634, "width": 832}}, {"model": "core.postimage", "pk": 5, "fields": {"post": 3, "image": "images/DSC03282.JPG", "caption": "", "height": 634, "width": 845}}, {"model": "core.postimage", "pk": 6, "fields": {"post": 3, "image": "images/DSC03298.JPG", "caption": "", "height": 634, "width": 845}}, {"model": "core.postimage", "pk": 7, "fields": {"post": 3, "image": "images/DSC03301.JPG", "caption": "", "height": 634, "width": 845}}, {"model": "core.postimage", "pk": 8, "fields": {"post": 3, "image": "images/DSC03307.JPG", "caption": "", "height": 634, "width": 845}}, {"model": "core.postimage", "pk": 9, "fields": {"post": 3, "image": "images/DSC03314.JPG", "caption": "", "height": 634, "width": 845}}, {"model": "core.postimage", "pk": 10, "fields": {"post": 3, "image": "images/DSC03319.JPG", "caption": "", "height": 634, "width": 845}}, {"model": "core.postimage", "pk": 11, "fields": {"post": 5, "image": "images/Orkes_verwelom_die_Gaste.JPG", "caption": "", "height": 507, "width": 676}}, {"model": "core.postimage", "pk": 12, "fields": {"post": 5, "image": "images/Die_lekker_ruik_van_buskruit.JPG", "caption": "", "height": 415, "width": 562}}, {"model": "core.postimage", "pk": 13, "fields": {"post": 5, "image": "images/Burgemeester_Arriveer.jpg", "caption": "", "height": 577, "width": 640}}, {"model": "core.postimage", "pk": 14, "fields": {"post": 5, "image": "images/Maleier-Koor.JPG", "caption": "", "height": 516, "width": 647}}, {"model": "core.postimage", "pk": 15, "fields": {"post": 5, "image": "images/Vlaghysing.JPG", "caption": "", "height": 845, "width": 634}}, {"model": "core.postimage", "pk": 16, "fields": {"post": 5, "image": "images/Onis_is_trots_op_die_R.W.P_kUqsnzh.JPG", "caption": "", "height": 438, "width": 623}}, {"model": "core.postimage", "pk": 17, "fields": {"post": 5, "image": "images/Burgemmester_se_rede.JPG", "caption": "", "height": 634, "width": 845}}, {"model": "core.postimage", "pk": 18, "fields": {"post": 5, "image": "images/Wel_verdiende_medaljes.JPG", "caption": "", "height": 396, "width": 680}}, {"model": "core.postimage", "pk": 19, "fields": {"post": 5, "image": "images/Die_Geweide_Welhelmus.JPG", "caption": "", "height": 634, "width": 845}}, {"model": "core.postimage", "pk": 20, "fields": {"post": 5, "image": "images/Leon_kry_die_laaste_woord_in.JPG", "caption": "", "height": 379, "width": 514}}, {"model": "core.postimage", "pk": 21, "fields": {"post": 2, "image": "images/ALDIEMENSE.JPG", "caption": "", "height": 582, "width": 874}}, {"model": "core.postimage", "pk": 22, "fields": {"post": 2, "image": "images/DAN1.JPG", "caption": "", "height": 843, "width": 418}}, {"model": "core.postimage", "pk": 23, "fields": {"post": 2, "image": "images/PIET1.JPG", "caption": "", "height": 764, "width": 656}}, {"model": "core.postimage", "pk": 24, "fields": {"post": 2, "image": "images/MARIELOUISE3.JPG", "caption": "", "height": 574, "width": 438}}, {"model": "core.postimage", "pk": 25, "fields": {"post": 2, "image": "images/HANS2.JPG", "caption": "", "height": 582, "width": 506}}, {"model": "core.postimage", "pk": 26, "fields": {"post": 2, "image": "images/Medalj2.jpg", "caption": "", "height": 433, "width": 299}}, {"model": "core.postimage", "pk": 27, "fields": {"post": 4, "image": "images/Slotte7openshawvanzyl.JPG", "caption": "", "height": 480, "width": 640}}, {"model": "core.postimage", "pk": 28, "fields": {"post": 4, "image": "images/Slotte1.JPG", "caption": "", "height": 480, "width": 640}}, {"model": "core.postimage", "pk": 29, "fields": {"post": 4, "image": "images/Slotte2.JPG", "caption": "", "height": 480, "width": 640}}, {"model": "core.postimage", "pk": 30, "fields": {"post": 4, "image": "images/Slotte4.JPG", "caption": "", "height": 480, "width": 640}}, {"model": "core.postimage", "pk": 31, "fields": {"post": 4, "image": "images/Slotte6francoisvanzyl.JPG", "caption": "", "height": 480, "width": 640}}, {"model": "core.postimage", "pk": 32, "fields": {"post": 1, "image": "images/voc-vlag.jpg", "caption": "", "height": 683, "width": 1024}}, {"model": "core.postimage", "pk": 33, "fields": {"post": 1, "image": "images/voc-voor1.jpg", "caption": "Helena, ons voorsitter.", "height": 968, "width": 800}}, {"model": "core.postimage", "pk": 34, "fields": {"post": 1, "image": "images/voc-minister.jpg", "caption": "Minister A Marais.", "height": 631, "width": 472}}, {"model": "core.postimage", "pk": 35, "fields": {"post": 1, "image": "images/Dan-minister.jpg", "caption": "Dan in diep gesprek.", "height": 504, "width": 800}}, {"model": "core.postimage", "pk": 36, "fields": {"post": 1, "image": "images/voc-con.jpg", "caption": "Con vertel oor ons VOC boek.", "height": 813, "width": 768}}, {"model": "core.research", "pk": 1, "fields": {"time_created": "2019-01-01T05:14:10.468Z", "time_modified": "2019-01-01T05:19:31.016Z", "title": "Vrede \u2013 6 April 1660  Die Eerste VOC-Koina-oorlog", "author": "Hattingh L", "link": "", "notes": "Lesing/VOC"}}, {"model": "core.research", "pk": 2, "fields": {"time_created": "2019-01-01T05:15:00.454Z", "time_modified": "2019-01-01T05:19:37.646Z", "title": "My visie vir kultuurbewaring in die Wes-Kaap", "author": "Meyer I", "link": "", "notes": "Lesing/VOC Jaarvergadering, 2001-02-10"}}, {"model": "core.research", "pk": 3, "fields": {"time_created": "2019-01-01T05:15:51.578Z", "time_modified": "2019-01-01T05:19:46.208Z", "title": "Erfenisdag is nie braaidag", "author": "Westra P", "link": "", "notes": "Die Burger Brieweblad, 2007-09-27"}}, {"model": "core.research", "pk": 4, "fields": {"time_created": "2019-01-01T05:17:37.046Z", "time_modified": "2019-01-01T05:19:54.682Z", "title": "Admiral Elphinstone and the Conquest and Defence of the Cape of Good Hope, 1795-96", "author": "Potgieter TD", "link": "http://scientiamilitaria.journals.ac.za/pub/article/view/37/64", "notes": "Publiksie/Scientia Militaria, 35(2), 2007"}}, {"model": "core.research", "pk": 5, "fields": {"time_created": "2019-01-01T05:18:18.814Z", "time_modified": "2019-01-01T05:20:03.594Z", "title": "Short History of Muratie", "author": "Scheffler H", "link": "", "notes": "Publikase/lesing: VASSA, Nommer 13, 2005"}}, {"model": "core.research", "pk": 6, "fields": {"time_created": "2019-01-01T05:19:19.792Z", "time_modified": "2019-01-01T05:19:19.792Z", "title": "Die Aanslag op die slaweskip Meermin", "author": "Sleigh D, Westra P", "link": "https://www.mbendi.com/a_sndmsg/orgComm_view.asp?I=105047", "notes": "Boek, Africana Uitgewers"}}, {"model": "core.committeemember", "pk": 1, "fields": {"name": "Prof Leon Hattingh", "position_af": "Voorsitter", "position_en": "Chairperson", "email_address_private": "leon9@mjvn.co.za", "email_address_public": "voorsitter@voc-kaap.org", "active": true, "order": 1}}, {"model": "core.committeemember", "pk": 2, "fields": {"name": "Dr Helena Scheffler", "position_af": "Ondervoorsitter", "position_en": "Deputy Chairperson", "email_address_private": "hms.ahoy@gmail.com", "email_address_public": "ondervoorsitter@voc-kaap.org", "active": false, "order": 2}}, {"model": "core.committeemember", "pk": 3, "fields": {"name": "Rudolf Rode", "position_af": "Sekretaris", "position_en": "Secretary", "email_address_private": "rodecb@icloud.com", "email_address_public": "sekretaris@voc-kaap.org", "active": true, "order": 3}}, {"model": "core.committeemember", "pk": 4, "fields": {"name": "Calla Wessels", "position_af": "Penningmeester", "position_en": "Treasurer", "email_address_private": "callawes@gmail.com", "email_address_public": "penningmeester@voc-kaap.org", "active": true, "order": 4}}, {"model": "core.committeemember", "pk": 5, "fields": {"name": "Dr Dan Sleigh", "position_af": "Nuusbrief", "position_en": "Newsletter", "email_address_private": "poshouer@gmail.com", "email_address_public": "nuusbrief@voc-kaap.org", "active": true, "order": 5}}, {"model": "core.committeemember", "pk": 6, "fields": {"name": "Con de Wet", "position_af": "Redakteur", "position_en": "Editor", "email_address_private": "cdewet@snowisp.com", "email_address_public": "redakteur@voc-kaap.org", "active": true, "order": 6}}, {"model": "core.committeemember", "pk": 7, "fields": {"name": "Piet Westra", "position_af": "Media en verspreiding", "position_en": "Media and distribution", "email_address_private": "pietwestra@mwebbiz.co.za", "email_address_public": "media@voc-kaap.org", "active": true, "order": 7}}, {"model": "core.committeemember", "pk": 8, "fields": {"name": "Jaco du Plessis", "position_af": "Inligtingbestuur", "position_en": "Information management", "email_address_private": "jaco@jacoduplessis.co.za", "email_address_public": "web@voc-kaap.org", "active": true, "order": 8}}, {"model": "core.project", "pk": 1, "fields": {"time_created": "2019-01-26T20:30:35.030Z", "time_modified": "2019-01-26T20:36:19.483Z", "title": "Sein Kanon, Sondagsfontein", "slug": "sein-kanon", "timeline": "2016", "short_description": "Aanbring van \u0149 VOC inligtings-bord by die Kanon-stelling op Sondagsfontein.", "content": ""}}, {"model": "core.project", "pk": 2, "fields": {"time_created": "2019-01-26T21:18:15.627Z", "time_modified": "2019-01-26T21:19:34.661Z", "title": "Projekte van die Stigting", "slug": "asjldajld", "timeline": "2019", "short_description": "Aansoek gedoen by die Fitaliediens om  \u0149 paar gedenkseels uit te reik in 2002.", "content": "<p>kf;kef ;lk;lfkl</p>\r\n\r\n<p>e efke lfkef</p>\r\n\r\n<p>ef</p>\r\n\r\n<p>ekfe</p>\r\n\r\n<p>&nbsp;</p>"}}, {"model": "core.medal", "pk": 1, "fields": {"name": "Robert Lightley", "slug": "robert-lightley", "date": "2019-03-10", "short_description": "Meesterskeepsmodelbouer", "content": "Eregaste, dames en here\r\n\r\nDie bestuurskomitee het besluit om vanjaar twee toekennings van ons silwer medalje \r\nte maak, die een aan mnr Marthinus van Bart vanaand en die ander aan professor GJ \r\nSchutte, wanneer hy die land aan die einde van die jaar besoek.  \r\n\r\nMnr Marthinus van Bart is in Johannesburg gebore, en het die grade BA aan die \r\nRandse Afrikaanse Universiteit  en BA (Honneurs) en HOD aan die Universiteit van \r\nStellenbosch behaal. Hy het dertig jaar gelede by Nasionale Pers begin werk, en is die \r\nafgelope jare redakteur van KultuurKroniek. \r\n\r\nTerwyl hy eiendoms-redakteur van Woongids was, met die taak om eiendomme en       \r\nwoonhuise te adverteer, het hy sy blad meer gewild en interessant probeer maak deur  \r\ninligting oor die geskiedenis en bewaringspotensiaal van die geboue te publiseer. Hy \r\nmoes \u2019n ryk aar en \u2019n groot kulturele behoefte raak geboor het, want die belangstelling \r\nvan die publiek was spontaan. Dit is nou al meer as \u2019n dekade lank dat lesers uitsien na \r\nDie Burger se  Saterdag-bylaes, waaronder KultuurKroniek, oor die interessante \r\nartikels deur bewaringsentoesiaste oor \u2019n wye verskeidenheid onderwerpe wat daarin \r\nverskyn. Martiens van Bart se naam was gemaak; ons glo dat dit in sommige \r\nbewaringskringe huishoudelik geword het.\r\n\r\nTerselfertyd het hy aktief betrokke geraak en die leiding geneem ten opsigte van \r\nrestourasie-projekte. Sy kulturele CV lyk tans ongeveer so:\r\nLid van die SA Akademie vir Kuns en Wetenskap.\r\nOndervoorsitter van die Hugenote Gedenkskool, Daljosafat se Trusteeraad. \r\nOndervoorsitter van die Stephen\u2019s Kerk, Kaapstad se Trusteeraad.\r\nLid van die Anglo-Boereoorlog monument, die Paarl, se Trusteeraad.\r\nen Lid van die Premierswoning \u2018Leeuwenhof \u2019se Advieskomitee.\r\n\r\nDie afgelope 15 jaar het \u2019n dankbare bewaringssgemeenskap hulle waardering aan\r\nhom betoon met die volgende toekennings:\r\nDie Stigting Simon van der Stel se Goue Medalje vir Bewaringsjoernalistiek, 1991.\r\nDie Kaapse Instituut vir Argitekte en Cape Times  se Cape Times Eeufees-medalje\r\nvir Bewaringsjoernalistiek, 1996.\r\nDie Genootskap vir Afrikaanse Volkskunde en die ATKV se Erepenning vir \r\nBewaringsjoernalistiek, 1999.\r\nDie FAK se Toekenning vir Bewaringsjoernalistiek, 2001.\r\nDie ATKV se Toekenning vir Kultuurjoernalistiek, 2000.\r\nDie Oorlogsmuseum van die Boererepublieke se Toekenning, met verwysing na\r\ndie herdenking van die Tweede Anglo-Boereoorlog, 2002.\r\nDie Boland Meesterbouers-Vereniging se Erelidmaatskap, vir Bewarings-         \r\njoernalistiek, 2002.\r\n\u201cArbeidsgenot\u201d (Langenhoven-huis), Oudtshoorn se Erelidmaatskap, 2004.\r\n\r\n\r\nSy oorblywende ideal is om \u2019n selfstandige kultuurtydskrif vir Suid-Afrika tot\r\nstand te bring wat die bewaringsgedagtes van die volk reflekteer. Mag dit bewaar-\r\nheid word. Ons almal voel die behoefte daaraan.\r\n\r\nNamens die Suid Afrikaanse bewaringsgemeenskap, en duisende Suid-Afrikaners\r\nwat weekliks deur sy tydskrif tot nadenke gestem word, bedank ons hom en wens\r\nhom voortgesette sukses toe. Ons bedank ook die bestuur van Media24, wat hom\r\ndie geleentheid en die ruimte vir sy bewaringswerk gee.\r\n\r\nBogenoemde indrukwekkende vertoonkasvol toekennings kry vanaand nog een\r\nby.\r\n\r\nMet spesifieke verwysing na sy vele artikels oor die VOC-tydperk in Suid-Afrika\r\ndie afgelope dekade, sy artikelreeks oor slawerny in Suid-Afrika en sy aantreklike    \r\nspesiale uitgawes by die herdenking van die 400ste herdenking van die VOC in\r\n2002 en die Slag van Blouberg in 2006, wat van entoesiasme, ondernemingsgees, \r\ndeursettingsvermo\u00eb en professionele vaardigheid spreek, en waarmee hy die Stigting \r\nVOC se oogmerke van Opvoeding, Bewaring en Kultuurtoerisme grootliks bevorder, \r\nword hierdie Stigting se Silwer Medalje aan mnr Marthinus van Bart toegeken vir \r\nBewaringsjoernalistiek.\r\n\r\nSoos die skip op die medalje afgebeeld die gewese VOC se ondernemingsgees en \r\nsuksesse simboliseer, reflekteer di\u00e9 medalje Martiens se inisiatiewe en suksesse op sy \r\nvakgebied.\r\n\r\n Fama semper vivat     Mag sy naam leef."}}, {"model": "auth.permission", "pk": 1, "fields": {"name": "Can add log entry", "content_type": 1, "codename": "add_logentry"}}, {"model": "auth.permission", "pk": 2, "fields": {"name": "Can change log entry", "content_type": 1, "codename": "change_logentry"}}, {"model": "auth.permission", "pk": 3, "fields": {"name": "Can delete log entry", "content_type": 1, "codename": "delete_logentry"}}, {"model": "auth.permission", "pk": 4, "fields": {"name": "Can view log entry", "content_type": 1, "codename": "view_logentry"}}, {"model": "auth.permission", "pk": 5, "fields": {"name": "Can add permission", "content_type": 2, "codename": "add_permission"}}, {"model": "auth.permission", "pk": 6, "fields": {"name": "Can change permission", "content_type": 2, "codename": "change_permission"}}, {"model": "auth.permission", "pk": 7, "fields": {"name": "Can delete permission", "content_type": 2, "codename": "delete_permission"}}, {"model": "auth.permission", "pk": 8, "fields": {"name": "Can view permission", "content_type": 2, "codename": "view_permission"}}, {"model": "auth.permission", "pk": 9, "fields": {"name": "Can add group", "content_type": 3, "codename": "add_group"}}, {"model": "auth.permission", "pk": 10, "fields": {"name": "Can change group", "content_type": 3, "codename": "change_group"}}, {"model": "auth.permission", "pk": 11, "fields": {"name": "Can delete group", "content_type": 3, "codename": "delete_group"}}, {"model": "auth.permission", "pk": 12, "fields": {"name": "Can view group", "content_type": 3, "codename": "view_group"}}, {"model": "auth.permission", "pk": 13, "fields": {"name": "Can add user", "content_type": 4, "codename": "add_user"}}, {"model": "auth.permission", "pk": 14, "fields": {"name": "Can change user", "content_type": 4, "codename": "change_user"}}, {"model": "auth.permission", "pk": 15, "fields": {"name": "Can delete user", "content_type": 4, "codename": "delete_user"}}, {"model": "auth.permission", "pk": 16, "fields": {"name": "Can view user", "content_type": 4, "codename": "view_user"}}, {"model": "auth.permission", "pk": 17, "fields": {"name": "Can add content type", "content_type": 5, "codename": "add_contenttype"}}, {"model": "auth.permission", "pk": 18, "fields": {"name": "Can change content type", "content_type": 5, "codename": "change_contenttype"}}, {"model": "auth.permission", "pk": 19, "fields": {"name": "Can delete content type", "content_type": 5, "codename": "delete_contenttype"}}, {"model": "auth.permission", "pk": 20, "fields": {"name": "Can view content type", "content_type": 5, "codename": "view_contenttype"}}, {"model": "auth.permission", "pk": 21, "fields": {"name": "Can add session", "content_type": 6, "codename": "add_session"}}, {"model": "auth.permission", "pk": 22, "fields": {"name": "Can change session", "content_type": 6, "codename": "change_session"}}, {"model": "auth.permission", "pk": 23, "fields": {"name": "Can delete session", "content_type": 6, "codename": "delete_session"}}, {"model": "auth.permission", "pk": 24, "fields": {"name": "Can view session", "content_type": 6, "codename": "view_session"}}, {"model": "auth.permission", "pk": 25, "fields": {"name": "Can add site", "content_type": 7, "codename": "add_site"}}, {"model": "auth.permission", "pk": 26, "fields": {"name": "Can change site", "content_type": 7, "codename": "change_site"}}, {"model": "auth.permission", "pk": 27, "fields": {"name": "Can delete site", "content_type": 7, "codename": "delete_site"}}, {"model": "auth.permission", "pk": 28, "fields": {"name": "Can view site", "content_type": 7, "codename": "view_site"}}, {"model": "auth.permission", "pk": 29, "fields": {"name": "Can add flat page", "content_type": 8, "codename": "add_flatpage"}}, {"model": "auth.permission", "pk": 30, "fields": {"name": "Can change flat page", "content_type": 8, "codename": "change_flatpage"}}, {"model": "auth.permission", "pk": 31, "fields": {"name": "Can delete flat page", "content_type": 8, "codename": "delete_flatpage"}}, {"model": "auth.permission", "pk": 32, "fields": {"name": "Can view flat page", "content_type": 8, "codename": "view_flatpage"}}, {"model": "auth.permission", "pk": 33, "fields": {"name": "Can add member", "content_type": 9, "codename": "add_member"}}, {"model": "auth.permission", "pk": 34, "fields": {"name": "Can change member", "content_type": 9, "codename": "change_member"}}, {"model": "auth.permission", "pk": 35, "fields": {"name": "Can delete member", "content_type": 9, "codename": "delete_member"}}, {"model": "auth.permission", "pk": 36, "fields": {"name": "Can view member", "content_type": 9, "codename": "view_member"}}, {"model": "auth.permission", "pk": 37, "fields": {"name": "Can add post", "content_type": 10, "codename": "add_post"}}, {"model": "auth.permission", "pk": 38, "fields": {"name": "Can change post", "content_type": 10, "codename": "change_post"}}, {"model": "auth.permission", "pk": 39, "fields": {"name": "Can delete post", "content_type": 10, "codename": "delete_post"}}, {"model": "auth.permission", "pk": 40, "fields": {"name": "Can view post", "content_type": 10, "codename": "view_post"}}, {"model": "auth.permission", "pk": 41, "fields": {"name": "Can add research", "content_type": 11, "codename": "add_research"}}, {"model": "auth.permission", "pk": 42, "fields": {"name": "Can change research", "content_type": 11, "codename": "change_research"}}, {"model": "auth.permission", "pk": 43, "fields": {"name": "Can delete research", "content_type": 11, "codename": "delete_research"}}, {"model": "auth.permission", "pk": 44, "fields": {"name": "Can view research", "content_type": 11, "codename": "view_research"}}, {"model": "auth.permission", "pk": 45, "fields": {"name": "Can add Committee Member", "content_type": 12, "codename": "add_committeemember"}}, {"model": "auth.permission", "pk": 46, "fields": {"name": "Can change Committee Member", "content_type": 12, "codename": "change_committeemember"}}, {"model": "auth.permission", "pk": 47, "fields": {"name": "Can delete Committee Member", "content_type": 12, "codename": "delete_committeemember"}}, {"model": "auth.permission", "pk": 48, "fields": {"name": "Can view Committee Member", "content_type": 12, "codename": "view_committeemember"}}, {"model": "auth.permission", "pk": 49, "fields": {"name": "Can add image", "content_type": 13, "codename": "add_image"}}, {"model": "auth.permission", "pk": 50, "fields": {"name": "Can change image", "content_type": 13, "codename": "change_image"}}, {"model": "auth.permission", "pk": 51, "fields": {"name": "Can delete image", "content_type": 13, "codename": "delete_image"}}, {"model": "auth.permission", "pk": 52, "fields": {"name": "Can view image", "content_type": 13, "codename": "view_image"}}, {"model": "auth.permission", "pk": 53, "fields": {"name": "Can add post image", "content_type": 14, "codename": "add_postimage"}}, {"model": "auth.permission", "pk": 54, "fields": {"name": "Can change post image", "content_type": 14, "codename": "change_postimage"}}, {"model": "auth.permission", "pk": 55, "fields": {"name": "Can delete post image", "content_type": 14, "codename": "delete_postimage"}}, {"model": "auth.permission", "pk": 56, "fields": {"name": "Can view post image", "content_type": 14, "codename": "view_postimage"}}, {"model": "auth.permission", "pk": 57, "fields": {"name": "Can add document", "content_type": 15, "codename": "add_document"}}, {"model": "auth.permission", "pk": 58, "fields": {"name": "Can change document", "content_type": 15, "codename": "change_document"}}, {"model": "auth.permission", "pk": 59, "fields": {"name": "Can delete document", "content_type": 15, "codename": "delete_document"}}, {"model": "auth.permission", "pk": 60, "fields": {"name": "Can view document", "content_type": 15, "codename": "view_document"}}, {"model": "auth.permission", "pk": 61, "fields": {"name": "Can add project", "content_type": 16, "codename": "add_project"}}, {"model": "auth.permission", "pk": 62, "fields": {"name": "Can change project", "content_type": 16, "codename": "change_project"}}, {"model": "auth.permission", "pk": 63, "fields": {"name": "Can delete project", "content_type": 16, "codename": "delete_project"}}, {"model": "auth.permission", "pk": 64, "fields": {"name": "Can view project", "content_type": 16, "codename": "view_project"}}, {"model": "auth.permission", "pk": 65, "fields": {"name": "Can add medal", "content_type": 17, "codename": "add_medal"}}, {"model": "auth.permission", "pk": 66, "fields": {"name": "Can change medal", "content_type": 17, "codename": "change_medal"}}, {"model": "auth.permission", "pk": 67, "fields": {"name": "Can delete medal", "content_type": 17, "codename": "delete_medal"}}, {"model": "auth.permission", "pk": 68, "fields": {"name": "Can view medal", "content_type": 17, "codename": "view_medal"}}, {"model": "auth.permission", "pk": 69, "fields": {"name": "Can add speaker", "content_type": 18, "codename": "add_speaker"}}, {"model": "auth.permission", "pk": 70, "fields": {"name": "Can change speaker", "content_type": 18, "codename": "change_speaker"}}, {"model": "auth.permission", "pk": 71, "fields": {"name": "Can delete speaker", "content_type": 18, "codename": "delete_speaker"}}, {"model": "auth.permission", "pk": 72, "fields": {"name": "Can view speaker", "content_type": 18, "codename": "view_speaker"}}, {"model": "auth.permission", "pk": 73, "fields": {"name": "Can add tour", "content_type": 19, "codename": "add_tour"}}, {"model": "auth.permission", "pk": 74, "fields": {"name": "Can change tour", "content_type": 19, "codename": "change_tour"}}, {"model": "auth.permission", "pk": 75, "fields": {"name": "Can delete tour", "content_type": 19, "codename": "delete_tour"}}, {"model": "auth.permission", "pk": 76, "fields": {"name": "Can view tour", "content_type": 19, "codename": "view_tour"}}, {"model": "auth.user", "pk": 1, "fields": {"password": "pbkdf2_sha256$120000$QhUSNhE7hwiH$9dqLynXkkgjTehp0J6LgWHCygsaaIa9sKDL75eZjCMM=", "last_login": "2019-03-10T12:30:50.590Z", "is_superuser": true, "username": "jaco", "first_name": "", "last_name": "", "email": "jaco@jacoduplessis.co.za", "is_staff": true, "is_active": true, "date_joined": "2018-12-31T13:55:41.063Z", "groups": [], "user_permissions": []}}, {"model": "admin.logentry", "pk": 1, "fields": {"action_time": "2018-12-31T13:58:01.510Z", "user": 1, "content_type": 10, "object_id": "1", "object_repr": "Post object (1)", "action_flag": 1, "change_message": "[{\"added\": {}}]"}}, {"model": "admin.logentry", "pk": 2, "fields": {"action_time": "2019-01-01T05:05:59.134Z", "user": 1, "content_type": 12, "object_id": "1", "object_repr": "Prof Leon Hattingh", "action_flag": 1, "change_message": "[{\"added\": {}}]"}}, {"model": "admin.logentry", "pk": 3, "fields": {"action_time": "2019-01-01T05:06:49.159Z", "user": 1, "content_type": 12, "object_id": "2", "object_repr": "Dr Helena Scheffler", "action_flag": 1, "change_message": "[{\"added\": {}}]"}}, {"model": "admin.logentry", "pk": 4, "fields": {"action_time": "2019-01-01T05:07:12.782Z", "user": 1, "content_type": 12, "object_id": "3", "object_repr": "Rudolf Rode", "action_flag": 1, "change_message": "[{\"added\": {}}]"}}, {"model": "admin.logentry", "pk": 5, "fields": {"action_time": "2019-01-01T05:08:02.874Z", "user": 1, "content_type": 12, "object_id": "4", "object_repr": "Calla Wessels", "action_flag": 1, "change_message": "[{\"added\": {}}]"}}, {"model": "admin.logentry", "pk": 6, "fields": {"action_time": "2019-01-01T05:08:19.839Z", "user": 1, "content_type": 12, "object_id": "5", "object_repr": "Dr Dan Sleigh", "action_flag": 1, "change_message": "[{\"added\": {}}]"}}, {"model": "admin.logentry", "pk": 7, "fields": {"action_time": "2019-01-01T05:08:41.859Z", "user": 1, "content_type": 12, "object_id": "6", "object_repr": "Con de Wet", "action_flag": 1, "change_message": "[{\"added\": {}}]"}}, {"model": "admin.logentry", "pk": 8, "fields": {"action_time": "2019-01-01T05:09:05.631Z", "user": 1, "content_type": 12, "object_id": "7", "object_repr": "Piet Westra", "action_flag": 1, "change_message": "[{\"added\": {}}]"}}, {"model": "admin.logentry", "pk": 9, "fields": {"action_time": "2019-01-01T05:09:33.956Z", "user": 1, "content_type": 12, "object_id": "8", "object_repr": "Dr Nico Walters", "action_flag": 1, "change_message": "[{\"added\": {}}]"}}, {"model": "admin.logentry", "pk": 10, "fields": {"action_time": "2019-01-01T05:14:10.471Z", "user": 1, "content_type": 11, "object_id": "1", "object_repr": "Vrede \u2013 6 April 1660  Die Eerste VOC-Koina-oorlog", "action_flag": 1, "change_message": "[{\"added\": {}}]"}}, {"model": "admin.logentry", "pk": 11, "fields": {"action_time": "2019-01-01T05:15:00.455Z", "user": 1, "content_type": 11, "object_id": "2", "object_repr": "My visie vir kultuurbewaring in die Wes-Kaap", "action_flag": 1, "change_message": "[{\"added\": {}}]"}}, {"model": "admin.logentry", "pk": 12, "fields": {"action_time": "2019-01-01T05:15:51.584Z", "user": 1, "content_type": 11, "object_id": "3", "object_repr": "Erfenisdag is nie braaidag", "action_flag": 1, "change_message": "[{\"added\": {}}]"}}, {"model": "admin.logentry", "pk": 13, "fields": {"action_time": "2019-01-01T05:17:37.047Z", "user": 1, "content_type": 11, "object_id": "4", "object_repr": "Admiral Elphinstone and the Conquest and Defence of the Cape of Good Hope, 1795-96", "action_flag": 1, "change_message": "[{\"added\": {}}]"}}, {"model": "admin.logentry", "pk": 14, "fields": {"action_time": "2019-01-01T05:18:18.818Z", "user": 1, "content_type": 11, "object_id": "5", "object_repr": "Short History of Muratie", "action_flag": 1, "change_message": "[{\"added\": {}}]"}}, {"model": "admin.logentry", "pk": 15, "fields": {"action_time": "2019-01-01T05:19:19.795Z", "user": 1, "content_type": 11, "object_id": "6", "object_repr": "Die Aanslag op die slaweskip Meermin", "action_flag": 1, "change_message": "[{\"added\": {}}]"}}, {"model": "admin.logentry", "pk": 16, "fields": {"action_time": "2019-01-01T05:19:31.018Z", "user": 1, "content_type": 11, "object_id": "1", "object_repr": "Vrede \u2013 6 April 1660  Die Eerste VOC-Koina-oorlog", "action_flag": 2, "change_message": "[{\"changed\": {\"fields\": [\"author\"]}}]"}}, {"model": "admin.logentry", "pk": 17, "fields": {"action_time": "2019-01-01T05:19:37.651Z", "user": 1, "content_type": 11, "object_id": "2", "object_repr": "My visie vir kultuurbewaring in die Wes-Kaap", "action_flag": 2, "change_message": "[{\"changed\": {\"fields\": [\"author\"]}}]"}}, {"model": "admin.logentry", "pk": 18, "fields": {"action_time": "2019-01-01T05:19:46.211Z", "user": 1, "content_type": 11, "object_id": "3", "object_repr": "Erfenisdag is nie braaidag", "action_flag": 2, "change_message": "[{\"changed\": {\"fields\": [\"author\"]}}]"}}, {"model": "admin.logentry", "pk": 19, "fields": {"action_time": "2019-01-01T05:19:54.690Z", "user": 1, "content_type": 11, "object_id": "4", "object_repr": "Admiral Elphinstone and the Conquest and Defence of the Cape of Good Hope, 1795-96", "action_flag": 2, "change_message": "[{\"changed\": {\"fields\": [\"author\"]}}]"}}, {"model": "admin.logentry", "pk": 20, "fields": {"action_time": "2019-01-01T05:20:03.600Z", "user": 1, "content_type": 11, "object_id": "5", "object_repr": "Short History of Muratie", "action_flag": 2, "change_message": "[{\"changed\": {\"fields\": [\"author\"]}}]"}}, {"model": "admin.logentry", "pk": 21, "fields": {"action_time": "2019-01-01T05:31:23.188Z", "user": 1, "content_type": 10, "object_id": "1", "object_repr": "Algemene Jaarvergadering, 1 Maart 2016", "action_flag": 2, "change_message": "[{\"changed\": {\"fields\": [\"title\", \"author\", \"date_published\", \"content\"]}}]"}}, {"model": "admin.logentry", "pk": 22, "fields": {"action_time": "2019-01-01T05:33:29.433Z", "user": 1, "content_type": 10, "object_id": "2", "object_repr": "2016 Medaljetoekenning", "action_flag": 1, "change_message": "[{\"added\": {}}]"}}, {"model": "admin.logentry", "pk": 23, "fields": {"action_time": "2019-01-01T05:38:26.483Z", "user": 1, "content_type": 10, "object_id": "3", "object_repr": "Besoek aan die Suidkaapse-buiteposte", "action_flag": 1, "change_message": "[{\"added\": {}}]"}}, {"model": "admin.logentry", "pk": 24, "fields": {"action_time": "2019-01-01T05:43:46.736Z", "user": 1, "content_type": 10, "object_id": "4", "object_repr": "VOC lesing deur Tobie Openshaw and Francois Van Zyl oor die slotte van die kasteel en ander ou geboue", "action_flag": 1, "change_message": "[{\"added\": {}}]"}}, {"model": "admin.logentry", "pk": 25, "fields": {"action_time": "2019-01-01T05:46:22.511Z", "user": 1, "content_type": 10, "object_id": "5", "object_repr": "Stigtingsdag / Founding Day 2 April 2011", "action_flag": 1, "change_message": "[{\"added\": {}}]"}}, {"model": "admin.logentry", "pk": 26, "fields": {"action_time": "2019-01-01T05:50:06.002Z", "user": 1, "content_type": 10, "object_id": "6", "object_repr": "Besoek aan die Tygerbergse VOC-Plase", "action_flag": 1, "change_message": "[{\"added\": {}}]"}}, {"model": "admin.logentry", "pk": 27, "fields": {"action_time": "2019-01-01T06:18:51.107Z", "user": 1, "content_type": 10, "object_id": "5", "object_repr": "Stigtingsdag / Founding Day 2 April 2011", "action_flag": 2, "change_message": "[{\"added\": {\"name\": \"post image\", \"object\": \"PostImage object (1)\"}}]"}}, {"model": "admin.logentry", "pk": 28, "fields": {"action_time": "2019-01-01T06:29:47.385Z", "user": 1, "content_type": 10, "object_id": "6", "object_repr": "Besoek aan die Tygerbergse VOC-Plase", "action_flag": 2, "change_message": "[{\"changed\": {\"fields\": [\"slug\"]}}]"}}, {"model": "admin.logentry", "pk": 29, "fields": {"action_time": "2019-01-01T06:29:47.396Z", "user": 1, "content_type": 10, "object_id": "5", "object_repr": "Stigtingsdag / Founding Day 2 April 2011", "action_flag": 2, "change_message": "[{\"changed\": {\"fields\": [\"slug\"]}}]"}}, {"model": "admin.logentry", "pk": 30, "fields": {"action_time": "2019-01-01T06:29:47.412Z", "user": 1, "content_type": 10, "object_id": "4", "object_repr": "VOC lesing deur Tobie Openshaw and Francois Van Zyl oor die slotte van die kasteel en ander ou geboue", "action_flag": 2, "change_message": "[{\"changed\": {\"fields\": [\"slug\"]}}]"}}, {"model": "admin.logentry", "pk": 31, "fields": {"action_time": "2019-01-01T06:29:47.435Z", "user": 1, "content_type": 10, "object_id": "3", "object_repr": "Besoek aan die Suidkaapse-buiteposte", "action_flag": 2, "change_message": "[{\"changed\": {\"fields\": [\"slug\"]}}]"}}, {"model": "admin.logentry", "pk": 32, "fields": {"action_time": "2019-01-01T06:29:47.459Z", "user": 1, "content_type": 10, "object_id": "2", "object_repr": "2016 Medaljetoekenning", "action_flag": 2, "change_message": "[{\"changed\": {\"fields\": [\"slug\"]}}]"}}, {"model": "admin.logentry", "pk": 33, "fields": {"action_time": "2019-01-01T06:29:47.480Z", "user": 1, "content_type": 10, "object_id": "1", "object_repr": "Algemene Jaarvergadering, 1 Maart 2016", "action_flag": 2, "change_message": "[{\"changed\": {\"fields\": [\"slug\"]}}]"}}, {"model": "admin.logentry", "pk": 34, "fields": {"action_time": "2019-01-01T13:22:45.269Z", "user": 1, "content_type": 10, "object_id": "6", "object_repr": "Besoek aan die Tygerbergse VOC-Plase", "action_flag": 2, "change_message": "[{\"added\": {\"name\": \"post image\", \"object\": \"PostImage object (1)\"}}, {\"added\": {\"name\": \"post image\", \"object\": \"PostImage object (2)\"}}, {\"added\": {\"name\": \"post image\", \"object\": \"PostImage object (3)\"}}]"}}, {"model": "admin.logentry", "pk": 35, "fields": {"action_time": "2019-01-01T13:36:03.555Z", "user": 1, "content_type": 10, "object_id": "6", "object_repr": "Besoek aan die Tygerbergse VOC-Plase", "action_flag": 2, "change_message": "[{\"changed\": {\"name\": \"post image\", \"object\": \"PostImage object (1)\", \"fields\": [\"caption\"]}}, {\"changed\": {\"name\": \"post image\", \"object\": \"PostImage object (2)\", \"fields\": [\"caption\"]}}, {\"changed\": {\"name\": \"post image\", \"object\": \"PostImage object (3)\", \"fields\": [\"caption\"]}}]"}}, {"model": "admin.logentry", "pk": 36, "fields": {"action_time": "2019-01-01T13:40:45.564Z", "user": 1, "content_type": 10, "object_id": "6", "object_repr": "Besoek aan die Tygerbergse VOC-Plase", "action_flag": 2, "change_message": "[{\"changed\": {\"fields\": [\"author\"]}}]"}}, {"model": "admin.logentry", "pk": 37, "fields": {"action_time": "2019-01-01T13:42:23.590Z", "user": 1, "content_type": 10, "object_id": "6", "object_repr": "Besoek aan die Tygerbergse VOC-Plase", "action_flag": 2, "change_message": "[{\"changed\": {\"fields\": [\"author\"]}}]"}}, {"model": "admin.logentry", "pk": 38, "fields": {"action_time": "2019-01-01T13:52:59.453Z", "user": 1, "content_type": 10, "object_id": "6", "object_repr": "Besoek aan die Tygerbergse VOC-Plase", "action_flag": 2, "change_message": "[{\"changed\": {\"fields\": [\"extract\"]}}]"}}, {"model": "admin.logentry", "pk": 39, "fields": {"action_time": "2019-01-01T13:53:47.926Z", "user": 1, "content_type": 10, "object_id": "4", "object_repr": "VOC lesing deur Tobie Openshaw and Francois Van Zyl oor die slotte van die kasteel en ander ou geboue", "action_flag": 2, "change_message": "[{\"changed\": {\"fields\": [\"extract\"]}}]"}}, {"model": "admin.logentry", "pk": 40, "fields": {"action_time": "2019-01-01T13:53:58.724Z", "user": 1, "content_type": 10, "object_id": "3", "object_repr": "Besoek aan die Suidkaapse-buiteposte", "action_flag": 2, "change_message": "[]"}}, {"model": "admin.logentry", "pk": 41, "fields": {"action_time": "2019-01-01T13:54:54.819Z", "user": 1, "content_type": 10, "object_id": "2", "object_repr": "2016 Medaljetoekenning", "action_flag": 2, "change_message": "[{\"changed\": {\"fields\": [\"extract\"]}}]"}}, {"model": "admin.logentry", "pk": 42, "fields": {"action_time": "2019-01-01T14:01:00.346Z", "user": 1, "content_type": 10, "object_id": "2", "object_repr": "2016 Medaljetoekenning", "action_flag": 2, "change_message": "[]"}}, {"model": "admin.logentry", "pk": 43, "fields": {"action_time": "2019-01-01T14:01:57.206Z", "user": 1, "content_type": 10, "object_id": "3", "object_repr": "Besoek aan die Suidkaapse-buiteposte", "action_flag": 2, "change_message": "[{\"added\": {\"name\": \"post image\", \"object\": \"PostImage object (4)\"}}, {\"added\": {\"name\": \"post image\", \"object\": \"PostImage object (5)\"}}, {\"added\": {\"name\": \"post image\", \"object\": \"PostImage object (6)\"}}, {\"added\": {\"name\": \"post image\", \"object\": \"PostImage object (7)\"}}, {\"added\": {\"name\": \"post image\", \"object\": \"PostImage object (8)\"}}, {\"added\": {\"name\": \"post image\", \"object\": \"PostImage object (9)\"}}, {\"added\": {\"name\": \"post image\", \"object\": \"PostImage object (10)\"}}]"}}, {"model": "admin.logentry", "pk": 44, "fields": {"action_time": "2019-01-01T14:12:24.339Z", "user": 1, "content_type": 10, "object_id": "5", "object_repr": "Stigtingsdag / Founding Day 2 April 2011", "action_flag": 2, "change_message": "[{\"added\": {\"name\": \"post image\", \"object\": \"PostImage object (11)\"}}, {\"added\": {\"name\": \"post image\", \"object\": \"PostImage object (12)\"}}, {\"added\": {\"name\": \"post image\", \"object\": \"PostImage object (13)\"}}, {\"added\": {\"name\": \"post image\", \"object\": \"PostImage object (14)\"}}, {\"added\": {\"name\": \"post image\", \"object\": \"PostImage object (15)\"}}, {\"added\": {\"name\": \"post image\", \"object\": \"PostImage object (16)\"}}, {\"added\": {\"name\": \"post image\", \"object\": \"PostImage object (17)\"}}, {\"added\": {\"name\": \"post image\", \"object\": \"PostImage object (18)\"}}, {\"added\": {\"name\": \"post image\", \"object\": \"PostImage object (19)\"}}, {\"added\": {\"name\": \"post image\", \"object\": \"PostImage object (20)\"}}]"}}, {"model": "admin.logentry", "pk": 45, "fields": {"action_time": "2019-01-01T14:15:44.481Z", "user": 1, "content_type": 10, "object_id": "2", "object_repr": "2016 Medaljetoekenning", "action_flag": 2, "change_message": "[{\"added\": {\"name\": \"post image\", \"object\": \"PostImage object (21)\"}}, {\"added\": {\"name\": \"post image\", \"object\": \"PostImage object (22)\"}}, {\"added\": {\"name\": \"post image\", \"object\": \"PostImage object (23)\"}}, {\"added\": {\"name\": \"post image\", \"object\": \"PostImage object (24)\"}}, {\"added\": {\"name\": \"post image\", \"object\": \"PostImage object (25)\"}}, {\"added\": {\"name\": \"post image\", \"object\": \"PostImage object (26)\"}}]"}}, {"model": "admin.logentry", "pk": 46, "fields": {"action_time": "2019-01-01T14:49:02.311Z", "user": 1, "content_type": 10, "object_id": "4", "object_repr": "VOC lesing deur Tobie Openshaw and Francois Van Zyl oor die slotte van die kasteel en ander ou geboue", "action_flag": 2, "change_message": "[{\"added\": {\"name\": \"post image\", \"object\": \"PostImage object (27)\"}}, {\"added\": {\"name\": \"post image\", \"object\": \"PostImage object (28)\"}}, {\"added\": {\"name\": \"post image\", \"object\": \"PostImage object (29)\"}}, {\"added\": {\"name\": \"post image\", \"object\": \"PostImage object (30)\"}}, {\"added\": {\"name\": \"post image\", \"object\": \"PostImage object (31)\"}}]"}}, {"model": "admin.logentry", "pk": 47, "fields": {"action_time": "2019-01-01T15:22:46.779Z", "user": 1, "content_type": 10, "object_id": "1", "object_repr": "Algemene Jaarvergadering, 1 Maart 2016", "action_flag": 2, "change_message": "[{\"added\": {\"name\": \"post image\", \"object\": \"PostImage object (32)\"}}, {\"added\": {\"name\": \"post image\", \"object\": \"PostImage object (33)\"}}, {\"added\": {\"name\": \"post image\", \"object\": \"PostImage object (34)\"}}, {\"added\": {\"name\": \"post image\", \"object\": \"PostImage object (35)\"}}, {\"added\": {\"name\": \"post image\", \"object\": \"PostImage object (36)\"}}]"}}, {"model": "admin.logentry", "pk": 48, "fields": {"action_time": "2019-01-02T08:23:43.056Z", "user": 1, "content_type": 9, "object_id": "2", "object_repr": "test", "action_flag": 2, "change_message": "[{\"changed\": {\"fields\": [\"country\"]}}]"}}, {"model": "admin.logentry", "pk": 49, "fields": {"action_time": "2019-01-02T08:28:35.234Z", "user": 1, "content_type": 15, "object_id": "1", "object_repr": "VOC Foundation Constituion", "action_flag": 1, "change_message": "[{\"added\": {}}]"}}, {"model": "admin.logentry", "pk": 50, "fields": {"action_time": "2019-01-02T08:29:17.811Z", "user": 1, "content_type": 15, "object_id": "2", "object_repr": "Short History of Muratie", "action_flag": 1, "change_message": "[{\"added\": {}}]"}}, {"model": "admin.logentry", "pk": 51, "fields": {"action_time": "2019-01-02T08:29:37.707Z", "user": 1, "content_type": 15, "object_id": "3", "object_repr": "My visie vir kultuurbewaring in die Wes-Kaap", "action_flag": 1, "change_message": "[{\"added\": {}}]"}}, {"model": "admin.logentry", "pk": 52, "fields": {"action_time": "2019-01-02T08:29:52.296Z", "user": 1, "content_type": 15, "object_id": "4", "object_repr": "Vrede \u2013 6 April 1660  Die Eerste VOC-Koina-oorlog", "action_flag": 1, "change_message": "[{\"added\": {}}]"}}, {"model": "admin.logentry", "pk": 53, "fields": {"action_time": "2019-01-02T08:30:17.656Z", "user": 1, "content_type": 15, "object_id": "5", "object_repr": "Erfenisdag is nie braaidag", "action_flag": 1, "change_message": "[{\"added\": {}}]"}}, {"model": "admin.logentry", "pk": 54, "fields": {"action_time": "2019-01-02T08:31:40.581Z", "user": 1, "content_type": 15, "object_id": "5", "object_repr": "Erfenisdag is nie braaidag", "action_flag": 2, "change_message": "[{\"changed\": {\"fields\": [\"author\"]}}]"}}, {"model": "admin.logentry", "pk": 55, "fields": {"action_time": "2019-01-02T08:33:01.564Z", "user": 1, "content_type": 15, "object_id": "4", "object_repr": "Vrede \u2013 6 April 1660  Die Eerste VOC-Koina-oorlog", "action_flag": 2, "change_message": "[{\"changed\": {\"fields\": [\"author\"]}}]"}}, {"model": "admin.logentry", "pk": 56, "fields": {"action_time": "2019-01-02T08:33:01.588Z", "user": 1, "content_type": 15, "object_id": "3", "object_repr": "My visie vir kultuurbewaring in die Wes-Kaap", "action_flag": 2, "change_message": "[{\"changed\": {\"fields\": [\"author\"]}}]"}}, {"model": "admin.logentry", "pk": 57, "fields": {"action_time": "2019-01-02T08:33:01.598Z", "user": 1, "content_type": 15, "object_id": "2", "object_repr": "Short History of Muratie", "action_flag": 2, "change_message": "[{\"changed\": {\"fields\": [\"author\"]}}]"}}, {"model": "admin.logentry", "pk": 58, "fields": {"action_time": "2019-01-02T08:33:01.617Z", "user": 1, "content_type": 15, "object_id": "1", "object_repr": "VOC Foundation Constituion", "action_flag": 2, "change_message": "[{\"changed\": {\"fields\": [\"author\"]}}]"}}, {"model": "admin.logentry", "pk": 59, "fields": {"action_time": "2019-01-02T08:33:51.692Z", "user": 1, "content_type": 15, "object_id": "6", "object_repr": "Projekte van die Stigting", "action_flag": 1, "change_message": "[{\"added\": {}}]"}}, {"model": "admin.logentry", "pk": 60, "fields": {"action_time": "2019-01-02T08:34:07.469Z", "user": 1, "content_type": 15, "object_id": "6", "object_repr": "Projekte van die Stigting", "action_flag": 2, "change_message": "[{\"changed\": {\"fields\": [\"author\"]}}]"}}, {"model": "admin.logentry", "pk": 61, "fields": {"action_time": "2019-01-02T08:35:24.209Z", "user": 1, "content_type": 15, "object_id": "7", "object_repr": "Generale Missive 2018 1", "action_flag": 1, "change_message": "[{\"added\": {}}]"}}, {"model": "admin.logentry", "pk": 62, "fields": {"action_time": "2019-01-02T08:37:12.103Z", "user": 1, "content_type": 15, "object_id": "8", "object_repr": "Generale Missive 1998-2011", "action_flag": 1, "change_message": "[{\"added\": {}}]"}}, {"model": "admin.logentry", "pk": 63, "fields": {"action_time": "2019-01-02T08:40:26.159Z", "user": 1, "content_type": 15, "object_id": "9", "object_repr": "Lidmaatskap Aansoekvorm", "action_flag": 1, "change_message": "[{\"added\": {}}]"}}, {"model": "admin.logentry", "pk": 64, "fields": {"action_time": "2019-01-02T08:40:42.137Z", "user": 1, "content_type": 15, "object_id": "9", "object_repr": "Lidmaatskap Aansoekvorm", "action_flag": 2, "change_message": "[{\"changed\": {\"fields\": [\"author\"]}}]"}}, {"model": "admin.logentry", "pk": 65, "fields": {"action_time": "2019-01-02T13:13:59.255Z", "user": 1, "content_type": 12, "object_id": "1", "object_repr": "Prof Leon Hattingh", "action_flag": 2, "change_message": "[{\"changed\": {\"fields\": [\"email_address\"]}}]"}}, {"model": "admin.logentry", "pk": 66, "fields": {"action_time": "2019-01-02T13:13:59.267Z", "user": 1, "content_type": 12, "object_id": "2", "object_repr": "Dr Helena Scheffler", "action_flag": 2, "change_message": "[{\"changed\": {\"fields\": [\"email_address\"]}}]"}}, {"model": "admin.logentry", "pk": 67, "fields": {"action_time": "2019-01-02T13:13:59.280Z", "user": 1, "content_type": 12, "object_id": "3", "object_repr": "Rudolf Rode", "action_flag": 2, "change_message": "[{\"changed\": {\"fields\": [\"email_address\"]}}]"}}, {"model": "admin.logentry", "pk": 68, "fields": {"action_time": "2019-01-02T13:13:59.311Z", "user": 1, "content_type": 12, "object_id": "4", "object_repr": "Calla Wessels", "action_flag": 2, "change_message": "[{\"changed\": {\"fields\": [\"email_address\"]}}]"}}, {"model": "admin.logentry", "pk": 69, "fields": {"action_time": "2019-01-02T13:13:59.333Z", "user": 1, "content_type": 12, "object_id": "5", "object_repr": "Dr Dan Sleigh", "action_flag": 2, "change_message": "[{\"changed\": {\"fields\": [\"email_address\"]}}]"}}, {"model": "admin.logentry", "pk": 70, "fields": {"action_time": "2019-01-02T13:13:59.356Z", "user": 1, "content_type": 12, "object_id": "6", "object_repr": "Con de Wet", "action_flag": 2, "change_message": "[{\"changed\": {\"fields\": [\"email_address\"]}}]"}}, {"model": "admin.logentry", "pk": 71, "fields": {"action_time": "2019-01-02T13:13:59.377Z", "user": 1, "content_type": 12, "object_id": "7", "object_repr": "Piet Westra", "action_flag": 2, "change_message": "[{\"changed\": {\"fields\": [\"email_address\"]}}]"}}, {"model": "admin.logentry", "pk": 72, "fields": {"action_time": "2019-01-02T13:13:59.399Z", "user": 1, "content_type": 12, "object_id": "8", "object_repr": "Dr Nico Walters", "action_flag": 2, "change_message": "[{\"changed\": {\"fields\": [\"email_address\"]}}]"}}, {"model": "admin.logentry", "pk": 73, "fields": {"action_time": "2019-01-02T13:14:09.708Z", "user": 1, "content_type": 12, "object_id": "8", "object_repr": "Jaco du Plessis", "action_flag": 2, "change_message": "[{\"changed\": {\"fields\": [\"name\"]}}]"}}, {"model": "admin.logentry", "pk": 74, "fields": {"action_time": "2019-01-02T13:21:54.452Z", "user": 1, "content_type": 12, "object_id": "4", "object_repr": "Calla Wessels", "action_flag": 2, "change_message": "[{\"changed\": {\"fields\": [\"email_address\"]}}]"}}, {"model": "admin.logentry", "pk": 75, "fields": {"action_time": "2019-01-02T13:29:41.548Z", "user": 1, "content_type": 7, "object_id": "1", "object_repr": "voc.org.za", "action_flag": 2, "change_message": "[{\"changed\": {\"fields\": [\"domain\", \"name\"]}}]"}}, {"model": "admin.logentry", "pk": 76, "fields": {"action_time": "2019-01-02T13:33:20.965Z", "user": 1, "content_type": 8, "object_id": "1", "object_repr": "/events_2019/ -- Verrigtinge | Events 2019", "action_flag": 1, "change_message": "[{\"added\": {}}]"}}, {"model": "admin.logentry", "pk": 77, "fields": {"action_time": "2019-01-12T07:28:30.266Z", "user": 1, "content_type": 7, "object_id": "1", "object_repr": "www.voc-kaap.org", "action_flag": 2, "change_message": "[{\"changed\": {\"fields\": [\"domain\"]}}]"}}, {"model": "admin.logentry", "pk": 78, "fields": {"action_time": "2019-01-12T07:29:59.090Z", "user": 1, "content_type": 12, "object_id": "1", "object_repr": "Prof Leon Hattingh", "action_flag": 2, "change_message": "[{\"changed\": {\"fields\": [\"email_address_public\"]}}]"}}, {"model": "admin.logentry", "pk": 79, "fields": {"action_time": "2019-01-12T07:29:59.104Z", "user": 1, "content_type": 12, "object_id": "2", "object_repr": "Dr Helena Scheffler", "action_flag": 2, "change_message": "[{\"changed\": {\"fields\": [\"email_address_public\", \"active\"]}}]"}}, {"model": "admin.logentry", "pk": 80, "fields": {"action_time": "2019-01-12T07:29:59.120Z", "user": 1, "content_type": 12, "object_id": "3", "object_repr": "Rudolf Rode", "action_flag": 2, "change_message": "[{\"changed\": {\"fields\": [\"email_address_public\"]}}]"}}, {"model": "admin.logentry", "pk": 81, "fields": {"action_time": "2019-01-12T07:29:59.141Z", "user": 1, "content_type": 12, "object_id": "4", "object_repr": "Calla Wessels", "action_flag": 2, "change_message": "[{\"changed\": {\"fields\": [\"email_address_public\"]}}]"}}, {"model": "admin.logentry", "pk": 82, "fields": {"action_time": "2019-01-12T07:29:59.159Z", "user": 1, "content_type": 12, "object_id": "5", "object_repr": "Dr Dan Sleigh", "action_flag": 2, "change_message": "[{\"changed\": {\"fields\": [\"email_address_public\"]}}]"}}, {"model": "admin.logentry", "pk": 83, "fields": {"action_time": "2019-01-12T07:29:59.178Z", "user": 1, "content_type": 12, "object_id": "6", "object_repr": "Con de Wet", "action_flag": 2, "change_message": "[{\"changed\": {\"fields\": [\"email_address_public\"]}}]"}}, {"model": "admin.logentry", "pk": 84, "fields": {"action_time": "2019-01-12T07:29:59.196Z", "user": 1, "content_type": 12, "object_id": "7", "object_repr": "Piet Westra", "action_flag": 2, "change_message": "[{\"changed\": {\"fields\": [\"email_address_public\"]}}]"}}, {"model": "admin.logentry", "pk": 85, "fields": {"action_time": "2019-01-12T07:29:59.214Z", "user": 1, "content_type": 12, "object_id": "8", "object_repr": "Jaco du Plessis", "action_flag": 2, "change_message": "[{\"changed\": {\"fields\": [\"email_address_public\"]}}]"}}, {"model": "admin.logentry", "pk": 86, "fields": {"action_time": "2019-01-26T20:30:35.031Z", "user": 1, "content_type": 16, "object_id": "1", "object_repr": "Project object (1)", "action_flag": 1, "change_message": "[{\"added\": {}}]"}}, {"model": "admin.logentry", "pk": 87, "fields": {"action_time": "2019-01-26T20:36:19.484Z", "user": 1, "content_type": 16, "object_id": "1", "object_repr": "Sein Kanon, Sondagsfontein", "action_flag": 2, "change_message": "[{\"changed\": {\"fields\": [\"short_description\", \"content\"]}}]"}}, {"model": "admin.logentry", "pk": 88, "fields": {"action_time": "2019-01-26T21:18:15.627Z", "user": 1, "content_type": 16, "object_id": "2", "object_repr": "Projekte van die Stigting", "action_flag": 1, "change_message": "[{\"added\": {}}]"}}, {"model": "admin.logentry", "pk": 89, "fields": {"action_time": "2019-01-26T21:19:34.662Z", "user": 1, "content_type": 16, "object_id": "2", "object_repr": "Projekte van die Stigting", "action_flag": 2, "change_message": "[{\"changed\": {\"fields\": [\"content\"]}}]"}}, {"model": "admin.logentry", "pk": 90, "fields": {"action_time": "2019-03-10T12:36:08.217Z", "user": 1, "content_type": 17, "object_id": "1", "object_repr": "Robert Lightley", "action_flag": 1, "change_message": "[{\"added\": {}}]"}}, {"model": "admin.logentry", "pk": 91, "fields": {"action_time": "2019-03-10T12:44:05.633Z", "user": 1, "content_type": 17, "object_id": "1", "object_repr": "Robert Lightley", "action_flag": 2, "change_message": "[{\"changed\": {\"fields\": [\"content\"]}}]"}}]